{
    "rmse": 0.8107276788005984,
    "mae": 0.6725426731275053,
    "r2": 0.04102805781528107
}