{
    "rmse": 0.7320431591020335,
    "mae": 0.6014351660502427,
    "r2": 0.17479644781631465
}