{
    "rmse": 0.7910326780127797,
    "mae": 0.6588050791915718,
    "r2": 0.044965404990402025
}